[
  {
    "name" : "Rudis",
    "location" : "sketch.spill.puzzle",
    "menu" : 
      [
        { "item" : "Ham and mozzarella Italian roll", "pence" : 230 },
        { "item" : "Salami and Swiss Italian roll", "pence" : 230 },
        { "item" : "Cambozola and tomato Italian roll", "pence" : 230 },
        { "item" : "Goat's cheese salad Italian roll", "pence" : 230 },
        { "item" : "Mortadella and salami Italian roll", "pence" : 250 },
        { "item" : "Hummus and salad Italian roll", "pence" : 230 },
        { "item" : "Tuna and seafood mayo sesame roll", "pence" : 230 },
        { "item" : "Brie, lettuce and tomato sesame roll", "pence" : 230 },
        { "item" : "Coronation chicken sesame roll", "pence" : 230 },
        { "item" : "Turkey and cranberry sauce French country roll", "pence" : 230 },
        { "item" : "Smoked cheddar and caramelised onion French country roll", "pence" : 230 },
        { "item" : "Feta, olives, Greek yoghurt and tomato French country roll", "pence" : 230 },
        { "item" : "Pastrami, dill pickle and mustard French country roll", "pence" : 310 },
        { "item" : "Hummus, falafel and spicy tomato French country roll", "pence" : 230 },
        { "item" : "Pork loin, peppers and basil mayo Venezia olive roll", "pence" : 230 },
        { "item" : "Mortadella, ham and mozzarella muffeletta roll", "pence" : 250 },
        { "item" : "Bacon, lettuce and tomato poppy seed roll", "pence" : 230 },
        { "item" : "Mozzarella, tomato and basil mayo poppy seed roll", "pence" : 230 },
        { "item" : "Pastrami, roquitos and cream cheese poppy seed roll", "pence" : 230 },
        { "item" : "Chorizo and smoked Jarlesberg poppy seed roll", "pence" : 230 }
      ]
  }
,
  {
    "name" : "Greggs",
    "location" : "milky.hers.focus",
    "menu" : 
      [
        { "item" : "Chargrill chicken oval bite", "pence" : 355 },
        { "item" : "Chicken club baguette", "pence" : 355 },
        { "item" : "Cheese and ham baguette", "pence" : 355 },
        { "item" : "Tuna crunch baguette", "pence" : 355 },
        { "item" : "Roast chicken salad roll", "pence" : 320 },
        { "item" : "Honey roast ham and egg salad roll", "pence" : 320 },
        { "item" : "Cheese ploughmans oval bite", "pence" : 355 },
        { "item" : "Sausage roll", "pence" : 120 },
        { "item" : "Vegan sausage roll", "pence" : 120 },
        { "item" : "Steak bake", "pence" : 190 },
        { "item" : "Vegan steak bake", "pence" : 190 },
        { "item" : "Cheese and onion bake", "pence" : 180 },
        { "item" : "Sausage, bean and cheese melt", "pence" : 190 },
        { "item" : "Chicken bake", "pence" : 190 },
        { "item" : "Jam doughnut", "pence" : 80 },
        { "item" : "Caramel doughnut", "pence" : 120 },
        { "item" : "Triple chocolate doughnut", "pence" : 120 },
        { "item" : "Pink jammie doughnut", "pence" : 120 },
        { "item" : "Glazed ring doughnut", "pence" : 85 },
        { "item" : "Sugar strand doughnut", "pence" : 110 },
        { "item" : "Triple chocolate muffin", "pence" : 125 },
        { "item" : "Star biscuit", "pence" : 110 },
        { "item" : "Milk chocolate cookie", "pence" : 110 },
        { "item" : "Triple chocolate cookie", "pence" : 110 },
        { "item" : "White chocolate cookie", "pence" : 110 },
        { "item" : "Sea salt and cider vinegar crisps", "pence" : 85 },
        { "item" : "Mature cheddar and onion crisps", "pence" : 85 },
        { "item" : "Thai sweet chilli crisps", "pence" : 85 },
        { "item" : "Salt and vinegar crunchy sticks", "pence" : 85 },
        { "item" : "Ready salted crisps", "pence" : 85 },
        { "item" : "Cheese and onion crisps", "pence" : 85 },
        { "item" : "Prawn cocktail crisps", "pence" : 85 },
        { "item" : "Quavers", "pence" : 85 },
        { "item" : "Raspberry lemonade", "pence" : 150 },
        { "item" : "Mango and pineapple lemonade", "pence" : 150 },
        { "item" : "Bottle of water", "pence" : 100 },
        { "item" : "Fairtrade orange juice", "pence" : 150 },
        { "item" : "Fairtrade apple juice", "pence" : 180 },
        { "item" : "Lucozade orange", "pence" : 180 },
        { "item" : "Lucozade original", "pence" : 180 },
        { "item" : "Lucozade sport", "pence" : 180 },
        { "item" : "Red bull", "pence" : 172 },
        { "item" : "Oasis summer fruits", "pence" : 165 },
        { "item" : "Coca-cola 500ml", "pence" : 180 },
        { "item" : "Diet coke 500ml", "pence" : 165 },
        { "item" : "Coke zero 500ml", "pence" : 165 },
        { "item" : "Ribena", "pence" : 170 }
      ]
  }
,
  {
    "name" : "The Nile Valley",
    "location" : "pest.round.peanut",
    "menu" : 
      [
        { "item" : "Chicken salad wrap", "pence" : 350 },
        { "item" : "Chicken and avocado wrap", "pence" : 400 },
        { "item" : "Flafel with humus wrap", "pence" : 400 },
        { "item" : "Flafel with broad beans wrap", "pence" : 400 },
        { "item" : "Flafel with avocado wrap", "pence" : 450 },
        { "item" : "Flafel with humus and avocado wrap", "pence" : 450 },
        { "item" : "Flafel with humus and aubergine wrap", "pence" : 450 },
        { "item" : "Thuri best wrap", "pence" : 475 },
        { "item" : "Samar salad wrap", "pence" : 475 },
        { "item" : "Full Bil Jibna wrap", "pence" : 395 },
        { "item" : "Humus and salad wrap", "pence" : 325 },
        { "item" : "Humus and aubergine wrap", "pence" : 400 },
        { "item" : "Humus and mixed peppers wrap", "pence" : 375 },
        { "item" : "Baba Ganoush and salad wrap", "pence" : 375 },
        { "item" : "Baba Ganoush and flafel wrap", "pence" : 400 },
        { "item" : "Guacamole and aubergine wrap", "pence" : 400 },
        { "item" : "Tuna and salad wrap", "pence" : 300 },
        { "item" : "Tuna and sweetcorn wrap", "pence" : 335 },
        { "item" : "Spicy tuna salad wrap", "pence" : 325 },
        { "item" : "Spicy feta cheese wrap", "pence" : 350 },
        { "item" : "Feta cheese salad wrap", "pence" : 300 },
        { "item" : "Cheddar cheese salad wrap", "pence" : 300 },
        { "item" : "African wrap", "pence" : 400 },
        { "item" : "Bary wrap", "pence" : 450 },
        { "item" : "Feta cheese and sundried tomato wrap", "pence" : 395 },
        { "item" : "Can of Coca-Cola", "pence" : 75 },
        { "item" : "Can of Diet Coke", "pence" : 75 },
        { "item" : "Can of Coke Zero", "pence" : 75 },
        { "item" : "Can of Fanta", "pence" : 75 },
        { "item" : "Can of Sprite", "pence" : 75 }
      ]
  }
,
  {
    "name" : "The Picnic Basket",
    "location" : "fund.dreams.years",
    "menu" : 
      [
        { "item" : "Club sandwich (Regular)", "pence" : 320 },
        { "item" : "Club sandwich (Large)", "pence" : 400 },
        { "item" : "Vegetarian Club sandwich (Regular)", "pence" : 320 },
        { "item" : "Vegetarian Club sandwich (Large)", "pence" : 400 },
        { "item" : "Hot and cool sandwich (Regular)", "pence" : 320 },
        { "item" : "Hot and cool sandwich (Large)", "pence" : 400 },
        { "item" : "Coronation chicken sandwich (Regular)", "pence" : 320 },
        { "item" : "Coronation chicken sandwich (Large)", "pence" : 400 },
        { "item" : "Bacon, brie and cranberry sandwich (Regular)", "pence" : 320 },
        { "item" : "Bacon, brie and cranberry sandwich (Large)", "pence" : 400 },
        { "item" : "Turkey special sandwich (Regular)", "pence" : 320 },
        { "item" : "Turkey special sandwich (Large)", "pence" : 400 },
        { "item" : "Surf and Turf sandwich (Regular)", "pence" : 340 },
        { "item" : "Surf and Turf sandwich (Large)", "pence" : 420 },
        { "item" : "Smoked salmon sandwich (Regular)", "pence" : 340 },
        { "item" : "Smoked salmon sandwich (Large)", "pence" : 420 },
        { "item" : "Spicy breakfast sandwich (Regular)", "pence" : 320 },
        { "item" : "Spicy breakfast sandwich (Large)", "pence" : 400 },
        { "item" : "BLT sandwich (Regular)", "pence" : 280 },
        { "item" : "BLT sandwich (Large)", "pence" : 350 },
        { "item" : "Ploughman's sandwich (Regular)", "pence" : 280 },
        { "item" : "Ploughman's sandwich (Large)", "pence" : 350 },
        { "item" : "Italian sandwich (Regular)", "pence" : 280 },
        { "item" : "Italian sandwich (Large)", "pence" : 350 },
        { "item" : "Vegan spice sandwich (Regular)", "pence" : 320 },
        { "item" : "Vegan spice sandwich (Large)", "pence" : 400 },
        { "item" : "Mighty meaty sandwich (Regular)", "pence" : 320 },
        { "item" : "Mighty meaty sandwich (Large)", "pence" : 400 }
      ]
  }
,
  {
    "name" : "Bing Tea",
    "location" : "looks.clouds.daring",
    "menu" : 
      [
        { "item" : "Flaming tiger latte", "pence" : 460 },
        { "item" : "Dirty matcha latte", "pence" : 460 },
        { "item" : "Strawberry matcha latte", "pence" : 460 },
        { "item" : "Fresh taro latte", "pence" : 460 },
        { "item" : "Oreo latte", "pence" : 460 },
        { "item" : "Caramel latte", "pence" : 460 },
        { "item" : "Redbean iceshake latte", "pence" : 460 },
        { "item" : "White rabbit latte", "pence" : 460 },
        { "item" : "Matcha rabbit latte", "pence" : 460 },
        { "item" : "Redbean rabbit latte", "pence" : 460 },
        { "item" : "Original milk tea", "pence" : 380 },
        { "item" : "Matcha milk tea", "pence" : 380 },
        { "item" : "Taro milk tea", "pence" : 380 },
        { "item" : "Thai milk tea", "pence" : 380 },
        { "item" : "Coconut milk tea", "pence" : 380 },
        { "item" : "Chocolate milk tea", "pence" : 380 },
        { "item" : "Ginger milk tea", "pence" : 380 },
        { "item" : "Mocha milk tea", "pence" : 380 },
        { "item" : "Hazelnut latte milk tea", "pence" : 380 },
        { "item" : "Winter melon milk tea", "pence" : 380 },
        { "item" : "Honeydew milk tea", "pence" : 380 },
        { "item" : "Strawberry milk tea", "pence" : 380 },
        { "item" : "Mango milk tea", "pence" : 380 },
        { "item" : "Mango fruit tea", "pence" : 380 },
        { "item" : "Peach fruit tea", "pence" : 380 },
        { "item" : "Lychee fruit tea", "pence" : 380 },
        { "item" : "Passionfruit fruit tea", "pence" : 380 },
        { "item" : "Guava fruit tea", "pence" : 380 },
        { "item" : "Apple fruit tea", "pence" : 380 },
        { "item" : "Strawberry fruit tea", "pence" : 380 },
        { "item" : "Lemon fruit tea", "pence" : 380 },
        { "item" : "Rose fruit tea", "pence" : 380 },
        { "item" : "Wintermelon fruit tea", "pence" : 380 },
        { "item" : "Lemon and rose fruit tea", "pence" : 380 },
        { "item" : "Strawberry and lychee fruit tea", "pence" : 380 },
        { "item" : "Honey and yuzu fruit tea", "pence" : 380 },
        { "item" : "Strawberry slush tea", "pence" : 460 },
        { "item" : "Mango slush tea", "pence" : 460 },
        { "item" : "Lychee slush tea", "pence" : 460 },
        { "item" : "Blue raspberry slush tea", "pence" : 460 },
        { "item" : "Rose and lychee slush tea", "pence" : 460 },
        { "item" : "Strawberry and lychee slush tea", "pence" : 460 },
        { "item" : "Peach slush tea", "pence" : 460 },
        { "item" : "Grape slush tea", "pence" : 460 },
        { "item" : "Peach fizz tea", "pence" : 420 },
        { "item" : "Apple fizz tea", "pence" : 420 },
        { "item" : "Cherry fizz tea", "pence" : 420 },
        { "item" : "Grape fizz tea", "pence" : 420 },
        { "item" : "Jasmine green cap tea", "pence" : 460 },
        { "item" : "Assam black cap tea", "pence" : 460 },
        { "item" : "Mango cap tea", "pence" : 460 },
        { "item" : "Grape cap tea", "pence" : 460 },
        { "item" : "Strawberry cap tea", "pence" : 460 },
        { "item" : "Yakult peach tea", "pence" : 460 },
        { "item" : "Yakult strawberry tea", "pence" : 460 },
        { "item" : "Yakult lemon tea", "pence" : 460 }
      ]
  }
]
